critical_difference,dataset,exp,friedman_p,mae,method,model,n_blocks,p_holm,ref_mae,share,stability
,steel,E1,,12.156795120280664,fs_all,glm,,0.03125,19.064365179807545,,
,steel,E1,,12.10823903260078,fs_all,ridge,,0.03125,19.067915060604314,,
,steel,E1,,8.504862256038608,fs_all,xgboost,,0.03515625,11.228662895035187,,
,steel,E1,,8.624736970507646,fs_all,catboost,,0.03125,11.021932259746679,,
,tetouan,E1,,785.3491054216901,fs_all,glm,,0.03125,2010.3671871417516,,
,tetouan,E1,,777.4058303528977,fs_all,ridge,,0.03125,2013.2906351702363,,
,tetouan,E1,,688.5651298686262,fs_all,xgboost,,0.109375,807.5465936025207,,
,tetouan,E1,,688.319435879828,fs_all,catboost,,0.109375,803.4262260879137,,
,steel,E2,,9.213483776355908,abl_no_calendar,catboost,,0.078125,8.624736970507646,,
,steel,E2,,8.8123599738676,abl_no_short,catboost,,0.0390625,8.624736970507646,,
,steel,E2,,8.428541760182576,abl_no_daily,catboost,,0.359375,8.624736970507646,,
,steel,E2,,8.360599418730354,abl_no_rolling,catboost,,0.1953125,8.624736970507646,,
,steel,E2,,8.970342288206623,abl_no_exog,catboost,,0.078125,8.624736970507646,,
,tetouan,E2,,757.4519910018284,abl_no_calendar,catboost,,0.296875,688.319435879828,,
,tetouan,E2,,757.8961088619993,abl_no_short,catboost,,0.01953125,688.319435879828,,
,tetouan,E2,,659.9574139371324,abl_no_daily,catboost,,0.38671875,688.319435879828,,
,tetouan,E2,,678.2889163398862,abl_no_rolling,catboost,,0.9921875,688.319435879828,,
,tetouan,E2,,680.8350872333124,abl_no_exog,catboost,,0.9921875,688.319435879828,,
,steel,E3,,8.662281989468482,sel_boruta,catboost,,,8.624736970507646,0.6055555555555555,0.8234983987853386
,tetouan,E3,,679.2124989477072,sel_boruta,catboost,,,688.319435879828,0.9578544061302682,0.9591176083034321
,steel,E3,,8.62986471953726,sel_cb_importance,catboost,,,8.624736970507646,0.34444444444444444,0.41829905458937716
,tetouan,E3,,608.240166635946,sel_cb_importance,catboost,,,688.319435879828,0.3831417624521073,0.5411532672308534
,steel,E3,,8.289626000045008,sel_cb_permutation,catboost,,,8.624736970507646,0.34444444444444444,0.4981500187116806
,tetouan,E3,,581.7233353429734,sel_cb_permutation,catboost,,,688.319435879828,0.39846743295019155,0.5462962962962963
,steel,E3,,8.478855708583067,sel_cb_shap,catboost,,,8.624736970507646,0.4,0.456070621587863
,tetouan,E3,,611.7555644324692,sel_cb_shap,catboost,,,688.319435879828,0.4022988505747126,0.5425901046590702
,steel,E3,,8.57543684880775,sel_group_importance,catboost,,,8.624736970507646,0.19444444444444445,0.7461038961038962
,tetouan,E3,,625.557526971867,sel_group_importance,catboost,,,688.319435879828,0.14176245210727967,0.5714285714285716
,steel,E3,,8.67149437867252,sel_rfe,catboost,,,8.624736970507646,0.42777777777777776,0.5194396241541657
,tetouan,E3,,641.7134631905358,sel_rfe,catboost,,,688.319435879828,0.27586206896551724,0.670570787237454
,steel,E3,,8.124456117654098,sel_sysoev_fixed,catboost,,,8.624736970507646,0.175,0.5819037444037445
,tetouan,E3,,576.3786574543487,sel_sysoev_fixed,catboost,,,688.319435879828,0.10344827586206896,0.8888888888888888
,steel,E3,,19.752529438691024,sel_sysoev_paper,catboost,,,8.624736970507646,0.019444444444444445,0.25
,tetouan,E3,,624.6553447329328,sel_sysoev_paper,catboost,,,688.319435879828,0.06896551724137931,0.6296296296296295
2.831479458716765,,E4,4.7494656380396646e-05,,,,18,,,,
